EBRS Field Name	Variable Name	Field Structure	Code Description	Type	Start Position	Length	End Position	codeset	field name	datatype base on content	
STATE_FILE_NUMBER	Certificate Number	Automatically assigned by EBRS System	In state births= 000001-0999999, out of state births=900001-909999	Numeric	1	10			state_file_number	VARCHAR(10)	state_file_number
VOID_FLAG	Void Flag		0=No or Blank, 1=Yes, 	Numeric	11	1			void_flag	VARCHAR(1)	void_flag
NAME_LAST	Child Last Name	Free Text 		Alphanumeric	12	21			name_last	VARCHAR(21)	name_last
NAME_SUFFIX	Child Name Suffix	Free Text 	I, II, III, IV, Jr, Sr	Alphanumeric	33	4			name_suffix	VARCHAR(4)	name_suffix
NAME_FIRST	Child First Name	Free Text 		Alphanumeric	37	16			name_first	VARCHAR(16)	name_first
NAME_MIDDLE	Child Middle Name	Free Text 		Alphanumeric	53	16			name_middle	VARCHAR(16)	name_middle
SEX	Sex	1, 2, 9	1=Male 2=Female 9=Unknown	Alphanumeric	69	1		sex	sex	VARCHAR(1)	sex
DATE_OF_BIRTH	Date of Birth	mmddyyyy	mmddyyyy	Date	70	8			date_of_birth	VARCHAR(8)	date_of_birth
TIME_OF_BIRTH	Time of Birth	00:00-23:59, 99:99	24 Hr clock, 9999=Unknown	Numeric	78	4			time_of_birth	VARCHAR(4)	time_of_birth
FAC_TYPE_CODE	Place of Birth	Drop down Menu	1=Hospital 2=Freestanding Birth Center 3=Home (Intended) 4=Home (Not Intended) 5=Home (Unknown if Intended) 6=Clinic/Doctor's Office 7=Other 9=Unknown	Numeric	82	1		place	fac_type_code	INT	fac_type_code
FAC_NV_CODE	Facility Name	Drop down Menu	See NV Facility Code Table	Numeric	83	4		facility	fac_nv_code	VARCHAR(4)	fac_nv_code
FAC_ST_NV_OLD	Facility State	Drop down Menu	See State Code Table	Numeric	87	2		state	fac_st_nv_old	INT	fac_st_nv_old
FAC_CITY_NV_OLD	Facility City	Drop down Menu	See NV City Code Table	Numeric	89	3		city	fac_city_nv_old	VARCHAR(3)	fac_city_nv_old
FAC_CNTY_NV_OLD	Facility County	Drop down Menu	See NV County Code Table	Numeric	92	2		county	fac_cnty_nv_old	INT	fac_cnty_nv_old
ATTENDANT_TITLE_CODE	Attendant Title	Drop down Menu	1=Physician 2=Doctor of Osteopathy 3=Cert.Nurse Midwife,Lic.Cert.Nurse Midwife,Lic.Nurse Midwife,Cert. Professional Midwife, Direct Entry Midwife 4=Other Midwife 5=EMT, Nurse(RN, LPN, NC), Nurse Practitioner, Physician's Assistant, Medical Records Technician, Other 9=Unknown	Numeric	94	1		attendant	attendant_title_code	INT	attendant_title_code
MOTHER_NAME_LAST	Mother's Last Name	Free Text 	0	Alphanumeric	95	21			mother_name_last	VARCHAR(21)	mother_name_last
MOTHER_NAME_SUFFIX	Mother's Last Name Suffix	Drop down Menu	I, II, III, IV, Jr, Sr	Alphanumeric	116	4			mother_name_suffix	VARCHAR(4)	mother_name_suffix
MOTHER_NAME_FIRST	Mother's First Name	Free Text 	0	Alphanumeric	120	16			mother_name_first	VARCHAR(16)	mother_name_first
MOTHER_NAME_MIDDLE	Mother's Middle Name	Free Text 	0	Alphanumeric	136	16			mother_name_middle	VARCHAR(16)	mother_name_middle
MOTHER_NAME_LAST_P	Mother's Maiden Name	Free Text 	0	Alphanumeric	152	21			mother_name_last_p	VARCHAR(21)	mother_name_last_p
MOTHER_NAME_SUFFIX_P	Mother's Maiden Name Suffix	Drop down Menu	I, II, III, IV, Jr, Sr	Alphanumeric	173	4			mother_name_suffix_p	VARCHAR(4)	mother_name_suffix_p
B2_MOTHER_DOB	Mother's Date of Birth	mmddyyyy	mmddyyyy	Date	177	8			b2_mother_dob	VARCHAR(8)	b2_mother_dob
B2_MOTHER_AGE	Mother's Age	Calculated	0	Numeric	185	2			b2_mother_age	INT	b2_mother_age
MBIR_COUNTRY_COUNTRY_CODE_NV	Mother's Country of Birth	Drop down Menu	See NV Country Codes	Numeric	187	2		CODESET	mbir_country_country_code_nv	INT	mbir_country_country_code_nv
MBIR_STATE_STATE_CODE_NV	Mother's State of Birth	Drop down Menu	See NV State Codes	Numeric	189	2		state	mbir_state_state_code_nv	INT	mbir_state_state_code_nv
MRES_STATE_STATE_CODE_NV	Mother's Residence State	Drop down Menu	See NV State Codes	Numeric	191	2		state	mres_state_state_code_nv	INT	mres_state_state_code_nv
MOTHER_RES_CITY_NV_OLD	Mother's Residence City	Drop down Menu	See NV City Codes	Numeric	193	3		city	mother_res_city_nv_old	VARCHAR(3)	mother_res_city_nv_old
MOTHER_RES_CNTY_NV_OLD	Mother's Residence County	Drop down Menu	See NV County Codes	Numeric	196	2		county	mother_res_cnty_nv_old	VARCHAR(2)	mother_res_cnty_nv_old
MOTHER_RES_ADDR1	Mother's Residence Address	Free Text 	0	Alphanumeric	198	40			mother_res_addr1	VARCHAR(40)	mother_res_addr1
MOTHER_RES_APT	Mother's Residence Apt No	Free Text 	0	Alphanumeric	238	10			mother_res_apt	VARCHAR(10)	mother_res_apt
MOTHER_RES_ZIP	Mother's Residence Zip	Drop down Menu	From Zip Code Table in System	Numeric	248	9			mother_res_zip	VARCHAR(9)	mother_res_zip
MOTHER_RES_INCITY	Mother's Residence Inside City Limits?	Y, N, U	1=Yes 2=No 9=Unknown	Numeric	257	1		ynu	mother_res_incity	INT	mother_res_incity
B2_MOTHER_ED	Mother's Education	Drop down Menu	1=8th Grade or Less 2=9th through 12 grade, no diploma 3=High School Graduate or GED completed 4=Some college credit, but no degree 5=Associate Degree 6=Bachelor's Degree 7=Master's Degree 8=Doctorate Degree or Professional Degree 9=Unknown	Numeric	258	1		education	b2_mother_ed	INT	b2_mother_ed
MOTHER_OCCUPATION_CD	Mother's Occupation	Drop down Menu	See Occupation Coding Manual	Numeric	259	3		occupation	mother_occupation_cd	VARCHAR(3)	mother_occupation_cd
MOTHER_INDUSTRY_CD	Mother's Industry	Drop down Menu	See Industry Coding Manual	Numeric	262	3		industry	mother_industry_cd	INT	mother_industry_cd
MOTHER_SSN	Mother's  Soc.Sec. #	000000000	0	Numeric	265	9			mother_ssn	VARCHAR(9)	mother_ssn
FATHER_NAME_LAST	Father's Last Name	Free Text 	Literal	Alphanumeric	274	21			father_name_last	VARCHAR(21)	father_name_last
FATHER_NAME_SUFFIX	Father's Last Name Suffix	Drop down Menu	I, II, III, IV, Jr, Sr	Alphanumeric	295	4			father_name_suffix	VARCHAR(4)	father_name_suffix
FATHER_NAME_FIRST	Father's First Name	Free Text 	Literal	Alphanumeric	299	16			father_name_first	VARCHAR(16)	father_name_first
FATHER_NAME_MIDDLE	Father's Middle Name	Free Text 	Literal	Alphanumeric	315	16			father_name_middle	VARCHAR(16)	father_name_middle
B2_FATHER_DOB	Father's Date of Birth	mmddyyyy	mmddyyyy	Date	331	8			b2_father_dob	VARCHAR(8)	b2_father_dob
B2_FATHER_AGE	Father's Age	Calculated	0	Numeric	339	2			b2_father_age	INT	b2_father_age
FBIR_COUNTRY_COUNTRY_CODE_NV	Father's Country of Birth	Drop down Menu	See NV State Codes	Numeric	341	2		CODESET	fbir_country_country_code_nv	INT	fbir_country_country_code_nv
FBIR_STATE_STATE_CODE_NV	Father's State of Birth	Drop down Menu	See NV State Codes	Numeric	343	2		state	fbir_state_state_code_nv	INT	fbir_state_state_code_nv
B2_FATHER_ED	Father's Education	Drop down Menu	1=8th Grade or Less 2=9th through 12 grade, no diploma 3=High School Graduate or GED completed 4=Some college credit, but no degree 5=Associate Degree 6=Bachelor's Degree 7=Master's Degree 8=Doctorate Degree or Professional Degree 9=Unknown	Numeric	345	1		education	b2_father_ed	INT	b2_father_ed
FATHER_OCCUPATION_CD	Father's Occupation	Drop down Menu	See Occupation Coding Manual	Numeric	346	3		occupation	father_occupation_cd	VARCHAR(3)	father_occupation_cd
FATHER_INDUSTRY_CD	Father's Industry	Drop down Menu	See Industry Coding Manual	Numeric	349	3		industry	father_industry_cd	INT	father_industry_cd
FATHER_SSN	Father's Soc.Sec. #	000000000	000000000	Numeric	352	9			father_ssn	VARCHAR(9)	father_ssn
B2_MOTHER_EVER_MARRIED	Mother Ever Married?	Y, N, U, X	1=Yes 2=No 9=Unknown	Alphanumeric	361	1		ynu	b2_mother_ever_married	INT	b2_mother_ever_married
MOTHER_MARRIED	Mother Married at Birth, Conception, or between?	Y, N, U	1=Yes 2=No 9=Unknown	Alphanumeric	362	1		ynu	mother_married	VARCHAR(1)	mother_married
FATHER_IS_HUSBAND	Is Husband the Father?	Y, N, U	1=Yes 2=No 9=Unknown	Alphanumeric	363	1		ynu	father_is_husband	VARCHAR(1)	father_is_husband
FATHER_SIGN_PAT_AFFIDAVIT	Will Father Sign Paternity?	Y, N, U	1=Yes 2=No 3=Refused 8=Not Applicable 9=Unknown	Alphanumeric	364	1		ynrnau	father_sign_pat_affidavit	VARCHAR(1)	father_sign_pat_affidavit
B2_TRANS_MOTHER	Mother Transferred to this Facility?	Y, N, U	1=Yes 2=No 9=Unknown	Alphanumeric	365	1		ynu	b2_trans_mother	INT	b2_trans_mother
MENSES_DATE	Date Last Normal Menses Began?	mmddyyyy	mmddyyyy	Date	366	8			menses_date	VARCHAR(8)	menses_date
B2_PRENATAL_YESNO	Prenatal Care?	Y, N, U	1=Yes 2=No 9=Unknown	Alphanumeric	374	1		ynu	b2_prenatal_yesno	INT	b2_prenatal_yesno
B2_PRENATAL_DATE_BEGIN	Prenatal Begin Date	mmddyyyy	mmddyyyy	Date	375	8			b2_prenatal_date_begin	VARCHAR(8)	b2_prenatal_date_begin
B2_PRENATAL_DATE_END	Prenatal End Date	mmddyyyy	mmddyyyy	Date	383	8			b2_prenatal_date_end	VARCHAR(8)	b2_prenatal_date_end
B2_PRENAT_TOT_VISITS	Total Prenatal Visits		0	Numeric	391	2			b2_prenat_tot_visits	INT	b2_prenat_tot_visits
B2_MOTHER_HEIGHT_FEET	Mother's Height-Feet 	1-8, 9	0	Numeric	393	1			b2_mother_height_feet	INT	b2_mother_height_feet
B2_MOTHER_HEIGHT_INCH	Mother's Height-Inches 	00-11, 99	0	Numeric	394	2			b2_mother_height_inch	INT	b2_mother_height_inch
B2_MOTHER_PRE_PREG_WT	Mother's Pre-pregnancy Weight	050-400, 999	0	Numeric	396	3			b2_mother_pre_preg_wt	INT	b2_mother_pre_preg_wt
B2_MOTHER_WT_AT_DELIV	Mother's Weight at Delivery	050-450, 999	0	Numeric	399	3			b2_mother_wt_at_deliv	INT	b2_mother_wt_at_deliv
LIVE_BIRTHS_TOTAL	Total Number of Previous Live Births	00-30, 99	0	Numeric	402	2			live_births_total	INT	live_births_total
LIVE_BIRTHS_DATE_MMYYYY	Date of Last Live Birth-Month/Year	mmyyyy	Month, Year, 888888,999999	Numeric	404	6			live_births_date_mmyyyy	VARCHAR(6)	live_births_date_mmyyyy
LIVE_BIRTHS_LIVING	Now Living	00-30, 99	88 if not applicable	Numeric	410	2			live_births_living	INT	live_births_living
LIVE_BIRTHS_DEAD	Now Deceased	00-30, 99	88 if not applicable	Numeric	412	2			live_births_dead	VARCHAR(2)	live_births_dead
TERM_NUMBER	Other Terminations	00-30, 99	88 if not applicable	Numeric	414	2			term_number	INT	term_number
TERM_DATE_MMYYYY	Last Termination Date	mmyyyy	Month, Year, 888888,999999	Numeric	416	6			term_date_mmyyyy	VARCHAR(6)	term_date_mmyyyy
B2_TOBACCO_USE	Tobacco Use?	Y, N, U	1=Yes 2=No 9=Unknown	Alphanumeric	422	1		ynu	b2_tobacco_use	VARCHAR(1)	b2_tobacco_use
B2_MOTHER_CIG_OR_PACK	Units	C, P 	1=Cigarettes 2=Packs 8= Not applicable	Alphanumeric	423	1		cig_pck	b2_mother_cig_or_pack	VARCHAR(1)	b2_mother_cig_or_pack
B2_MOTHER_CIG_PREV	Prior Pregnancy-Cigarettes	00-98, 99	0	Numeric	424	2			b2_mother_cig_prev	INT	b2_mother_cig_prev
B2_MOTHER_CIG_PREV_PACK	Prior Pregnancy-Packs	00-05	0	Numeric	426	2			b2_mother_cig_prev_pack	VARCHAR(2)	b2_mother_cig_prev_pack
B2_MOTHER_CIG_FIRST_TRI	First Trimester-Cigarettes	00-98, 99	0	Numeric	428	2			b2_mother_cig_first_tri	INT	b2_mother_cig_first_tri
B2_MOTHER_CIG_FIRST_PACK	First Trimester-Packs	00-05	0	Numeric	430	2			b2_mother_cig_first_pack	VARCHAR(2)	b2_mother_cig_first_pack
B2_MOTHER_CIG_SECOND_TRI	Second Trimester-Cigarettes	00-98, 99	0	Numeric	432	2			b2_mother_cig_second_tri	INT	b2_mother_cig_second_tri
B2_MOTHER_CIG_SECOND_PACK	Second Trimester-Packs	00-05	0	Numeric	434	2			b2_mother_cig_second_pack	VARCHAR(2)	b2_mother_cig_second_pack
B2_MOTHER_CIG_LAST_TRI	Last Trimester-Cigarettes	00-98, 99	0	Numeric	436	2			b2_mother_cig_last_tri	INT	b2_mother_cig_last_tri
B2_MOTHER_CIG_LAST_PACK	Last Trimester-Packs	00-05	0	Numeric	438	2			b2_mother_cig_last_pack	VARCHAR(2)	b2_mother_cig_last_pack
M_ALCOHOL_USE	Alcohol Use	Y, N, U, R	1=Yes 2=No 3=Refused 9=Unknown	Alphanumeric	440	1		ynru	m_alcohol_use	INT	m_alcohol_use
M_ALCOHOL_DRINK_WEEK	Number of Drinks per Week	00-98, 99	0	Numeric	441	2			m_alcohol_drink_week	VARCHAR(2)	m_alcohol_drink_week
M_DRUG_USE	Drug Use During Pregnancy?	Y, N, U, R	1=Yes 2=No 3=Refused 9=Unknown	Alphanumeric	443	1		ynru	m_drug_use	INT	m_drug_use
M_DRUG_PRESCRIPTION	Prescription	Y, N	1=Yes 2=No	Alphanumeric	444	1		yn	m_drug_prescription	INT	m_drug_prescription
M_DRUG_OTC	Over the Counter	Y, N	1=Yes 2=No	Alphanumeric	445	1		yn	m_drug_otc	INT	m_drug_otc
M_DRUG_OTHER	Other 	Y, N	1=Yes 2=No	Alphanumeric	446	1		yn	m_drug_other	INT	m_drug_other
M_DRUG_OTHER_LIT	Other Drugs-Description	Free Text 	Literal	Alphanumeric	447	30			m_drug_other_lit	VARCHAR(30)	m_drug_other_lit
M_MR_NONE	Mrf-Medical History None	Y, N	1=Yes 2=No	Alphanumeric	477	1		yn	m_mr_none	INT	m_mr_none
M_MR_DIAB	Mrf-Diabetes, Pre-existing	Y, N	1=Yes 2=No	Alphanumeric	478	1		yn	m_mr_diab	INT	m_mr_diab
M_MR_DIAB_GEST	Mrf-Diabetes, Gestational	Y, N	1=Yes 2=No	Alphanumeric	479	1		yn	m_mr_diab_gest	INT	m_mr_diab_gest
M_MR_HYPERT_ALL	Mrf-Hypertension	Y, N	1=Yes 2=No	Alphanumeric	480	1		yn	m_mr_hypert_all	INT	m_mr_hypert_all
M_MR_HYPERT_CHRONIC	Mrf-Hypertension-Pre-pregnancy	Y, N	1=Yes 2=No	Alphanumeric	481	1		yn	m_mr_hypert_chronic	INT	m_mr_hypert_chronic
M_MR_HYPERT_PREG	Mrf-Hypertension-Gestational	Y, N	1=Yes 2=No	0	482	1		yn	m_mr_hypert_preg	INT	m_mr_hypert_preg
M_MR_ECLAMPSIA	Eclampsia	Y, N	1=Yes 2=No	Alphanumeric	483	1		yn	m_mr_eclampsia	INT	m_mr_eclampsia
M_MR_PREV_PRETERM	Mrf-Previous Infant Preterm Birth	Y, N	1=Yes 2=No	Alphanumeric	484	1		yn	m_mr_prev_preterm	INT	m_mr_prev_preterm
M_MR_PREV_POOR_OUTCOME	Mrf-Other Poor Outcomes	Y, N	1=Yes 2=No	Alphanumeric	485	1		yn	m_mr_prev_poor_outcome	INT	m_mr_prev_poor_outcome
M_MR_PREG_FROM_TREATMENT	Mrf-Infertility Treatment	Y, N	1=Yes 2=No	Alphanumeric	486	1		yn	m_mr_preg_from_treatment	INT	m_mr_preg_from_treatment
M_MR_INFERT_DRUGS	Drugs, Insemination	Y, N	1=Yes 2=No 8=Not Applicable	Alphanumeric	487	1		ynna	m_mr_infert_drugs	INT	m_mr_infert_drugs
M_MR_ASSIST_REP_TECH	Assisted Reproductive Tech	Y, N	1=Yes 2=No 8=Not Applicable	Alphanumeric	488	1		ynna	m_mr_assist_rep_tech	INT	m_mr_assist_rep_tech
M_MR_PREV_CESAREAN_YESNO	Mrf-Previous Cesarean	Y, N	1=Yes 2=No	Alphanumeric	489	1		yn	m_mr_prev_cesarean_yesno	INT	m_mr_prev_cesarean_yesno
M_MR_PREV_CES_NUMB	Number of Previous Cesareans	00-10, 99	0	Numeric	490	2			m_mr_prev_ces_numb	INT	m_mr_prev_ces_numb
M_MR_ANEMIA	Mrf-Anemia	Y, N	1=Yes 2=No	Alphanumeric	492	1		yn	m_mr_anemia	INT	m_mr_anemia
M_MR_CARDIAC	Mrf-Cardiac Disease	Y, N	1=Yes 2=No	Alphanumeric	493	1		yn	m_mr_cardiac	INT	m_mr_cardiac
M_MR_LUNG_DISEASE	Mrf-Acute or Chronic Lung Disease	Y, N	1=Yes 2=No	Alphanumeric	494	1		yn	m_mr_lung_disease	INT	m_mr_lung_disease
M_MR_HYDRAMINOS_OLIG	Mrf-Hydraminios/Oligohydramnios	Y, N	1=Yes 2=No	Alphanumeric	495	1		yn	m_mr_hydraminos_olig	INT	m_mr_hydraminos_olig
M_MR_HEMOGLOBINOPATHY	Mrf-Hemoglobinopathy	Y, N	1=Yes 2=No	Alphanumeric	496	1		yn	m_mr_hemoglobinopathy	INT	m_mr_hemoglobinopathy
M_MR_INCOMPENT_CERVIX	Mrf-Incompetent Cervix	Y, N	1=Yes 2=No	Alphanumeric	497	1		yn	m_mr_incompent_cervix	INT	m_mr_incompent_cervix
M_MR_PREV_4000_PLUS	Mrf-Previous Infant 4000+grams	Y, N	1=Yes 2=No	Alphanumeric	498	1		yn	m_mr_prev_4000_plus	INT	m_mr_prev_4000_plus
M_MR_RENAL_DISEASE	Mrf-Renal Disease	Y, N	1=Yes 2=No	Alphanumeric	499	1		yn	m_mr_renal_disease	INT	m_mr_renal_disease
M_MR_RH_SENSIT	Mrf-Rh Sensitization	Y, N	1=Yes 2=No	Alphanumeric	500	1		yn	m_mr_rh_sensit	INT	m_mr_rh_sensit
M_MR_UTERINE_BLEEDING	Mrf-Uterine Bleeding	Y, N	1=Yes 2=No	Alphanumeric	501	1		yn	m_mr_uterine_bleeding	INT	m_mr_uterine_bleeding
M_MR_OTHER	Mrf-Other	Y, N	1=Yes 2=No	Alphanumeric	502	1		yn	m_mr_other	INT	m_mr_other
M_MR_OTHER_LIT	Mrf-Other-Description	Free Text 	Literal	Alphanumeric	503	30			m_mr_other_lit	VARCHAR(30)	m_mr_other_lit
UNKNOWN01					533	1			unknown01	VARCHAR(1)	unknown01
M_INF_NONE	Mrf-Infections None	Y, N	1=Yes 2=No	Alphanumeric	534	1		yn	m_inf_none	INT	m_inf_none
M_INF_GONORRHEA	Mrf-Gonorrhea	Y, N	1=Yes 2=No	Alphanumeric	535	1		yn	m_inf_gonorrhea	INT	m_inf_gonorrhea
M_INF_SYPHILIS	Mrf-Syphilis	Y, N	1=Yes 2=No	Alphanumeric	536	1		yn	m_inf_syphilis	INT	m_inf_syphilis
M_INF_CHLAMYDIA	Mrf-Chlamydia	Y, N	1=Yes 2=No	Alphanumeric	537	1		yn	m_inf_chlamydia	INT	m_inf_chlamydia
M_INF_HEPATITIS_B	Mrf-Hepatitis B	Y, N	1=Yes 2=No	Alphanumeric	538	1		yn	m_inf_hepatitis_b	INT	m_inf_hepatitis_b
M_INF_HEPATITIS_C	Mrf-Hepatitis C	Y, N	1=Yes 2=No	Alphanumeric	539	1		yn	m_inf_hepatitis_c	INT	m_inf_hepatitis_c
M_INF_HPV	Mrf_Human Papillomavirus (HPV)	Y, N	1=Yes 2=No	Alphanumeric	540	1		yn	m_inf_hpv	INT	m_inf_hpv
M_INF_HIV_AIDS	Mrf-HIV/AIDS	Y, N	1=Yes 2=No	Alphanumeric	541	1		yn	m_inf_hiv_aids	INT	m_inf_hiv_aids
M_INF_CMV	Mrf-Cytomegalovirus (CMV)	Y, N	1=Yes 2=No	Alphanumeric	542	1		yn	m_inf_cmv	INT	m_inf_cmv
M_INF_RUBELLA	Mrf-Rubella	Y, N	1=Yes 2=No	Alphanumeric	543	1		yn	m_inf_rubella	INT	m_inf_rubella
M_INF_TOXOPLASMOSIS	Mrf-Toxoplasmosis	Y, N	1=Yes 2=No	Alphanumeric	544	1		yn	m_inf_toxoplasmosis	INT	m_inf_toxoplasmosis
M_INF_GENITAL_HERPES	Mrf-Genital Herpes	Y, N	1=Yes 2=No	Alphanumeric	545	1		yn	m_inf_genital_herpes	INT	m_inf_genital_herpes
M_INF_TUBERCULOSIS	Mrf-Tuberculosis	Y, N	1=Yes 2=No	Alphanumeric	546	1		yn	m_inf_tuberculosis	INT	m_inf_tuberculosis
M_INF_OTHER	Mrf-Other	Y, N	1=Yes 2=No	Alphanumeric	547	1		yn	m_inf_other	INT	m_inf_other
M_INF_OTHER_LIT	Mrf-Other-Description	Free Text 	Literal	Alphanumeric	548	30			m_inf_other_lit	VARCHAR(30)	m_inf_other_lit
UNKNOWN02					578	1			unknown02	VARCHAR(1)	unknown02
M_OB_NONE	Obpr-None	Y, N	1=Yes 2=No	Alphanumeric	579	1		yn	m_ob_none	INT	m_ob_none
M_OB_CERCLAGE	Obpr-Cervical Cerclage	Y, N	1=Yes 2=No	Alphanumeric	580	1		yn	m_ob_cerclage	INT	m_ob_cerclage
M_OB_TOCOLYSIS	Obpr-Tocolysis	Y, N	1=Yes 2=No	Alphanumeric	581	1		yn	m_ob_tocolysis	INT	m_ob_tocolysis
M_OB_AMNIO	Obpr-Amniocentesis	Y, N	1=Yes 2=No	Alphanumeric	582	1		yn	m_ob_amnio	INT	m_ob_amnio
M_OB_FETAL_MONITOR	Obpr-Electronic Fetal Monitoring	Y, N	1=Yes 2=No	Alphanumeric	583	1		yn	m_ob_fetal_monitor	INT	m_ob_fetal_monitor
M_OB_CEPHALIC_SUCCESS	Obpr-External Cephalic Version (Successful)	Y, N	1=Yes 2=No	Alphanumeric	584	1		yn	m_ob_cephalic_success	INT	m_ob_cephalic_success
M_OB_CEPHALIC_FAILED	Obpr-External Cephalic Version (Failed)	Y, N	1=Yes 2=No	Alphanumeric	585	1		yn	m_ob_cephalic_failed	INT	m_ob_cephalic_failed
M_OB_ULTRASOUND	Obpr-Ultrasound	Y, N	1=Yes 2=No	Alphanumeric	586	1		yn	m_ob_ultrasound	INT	m_ob_ultrasound
M_OB_OTHER	Obpr-Other	Y, N	1=Yes 2=No	Alphanumeric	587	1		yn	m_ob_other	INT	m_ob_other
M_OB_OTHER_LIT	Obpr-Other-Description	Free Text 	Literal	Alphanumeric	588	30			m_ob_other_lit	VARCHAR(30)	m_ob_other_lit
UNKNOWN03					618	1			unknown03	VARCHAR(1)	unknown03
M_OL_NONE	Ol-None	Y, N	1=Yes 2=No	Alphanumeric	619	1		yn	m_ol_none	INT	m_ol_none
M_OL_PREMATURE_ROM	Ol-Premature Rupture of Membranes (≥12hrs)	Y, N	1=Yes 2=No	Alphanumeric	620	1		yn	m_ol_premature_rom	INT	m_ol_premature_rom
M_OL_PRECIP_LABOR	Ol-Precipitous Labor (>3hrs)	Y, N	1=Yes 2=No	Alphanumeric	621	1		yn	m_ol_precip_labor	INT	m_ol_precip_labor
M_OL_PROLONG_LABOR	Ol-Prolonged Labor (≥20hrs)	Y, N	1=Yes 2=No	Alphanumeric	622	1		yn	m_ol_prolong_labor	INT	m_ol_prolong_labor
M_CLD_NONE	Cld_None	Y, N	1=Yes 2=No	Alphanumeric	623	1		yn	m_cld_none	INT	m_cld_none
M_CLD_INDUCTION	Cld-Induction of Labor	Y, N	1=Yes 2=No	Alphanumeric	624	1		yn	m_cld_induction	INT	m_cld_induction
M_CLD_AUGMENT	Cld-Augmentation of Labor	Y, N	1=Yes 2=No	Alphanumeric	625	1		yn	m_cld_augment	INT	m_cld_augment
M_CLD_NON_VERTEX	Cld-Non-Vertex Presentation	Y, N	1=Yes 2=No	Alphanumeric	626	1		yn	m_cld_non_vertex	INT	m_cld_non_vertex
M_CLD_STEROID	Cld-Steroids for Lung Maturation Prior to Delivery	Y, N	1=Yes 2=No	Alphanumeric	627	1		yn	m_cld_steroid	INT	m_cld_steroid
M_CLD_ANTIBIOTIC	Cld-Antibiotics During Labor	Y, N	1=Yes 2=No	Alphanumeric	628	1		yn	m_cld_antibiotic	INT	m_cld_antibiotic
M_CLD_CHORIOAMNIO	Cld-Chorioamnionitis Diagnosed During Labor	Y, N	1=Yes 2=No	Alphanumeric	629	1		yn	m_cld_chorioamnio	INT	m_cld_chorioamnio
M_CLD_MECONIUM	Cld-Meconium Staining Amniotic Fluid	Y, N	1=Yes 2=No	Alphanumeric	630	1		yn	m_cld_meconium	INT	m_cld_meconium
M_CLD_FETAL_INTOLERANCE	Cld-Fetal Intolerance	Y, N	1=Yes 2=No	Alphanumeric	631	1		yn	m_cld_fetal_intolerance	INT	m_cld_fetal_intolerance
M_CLD_EPIDURAL	Cld-Epidural or Spinal Anesthesia	Y, N	1=Yes 2=No	Alphanumeric	632	1		yn	m_cld_epidural	INT	m_cld_epidural
M_CLD_FEBRILE	Cld-Febrile (>100°F, or 38°C)	Y, N	1=Yes 2=No	Alphanumeric	633	1		yn	m_cld_febrile	INT	m_cld_febrile
M_CLD_ABR_PLACENTA	Cld-Abruptio Placenta	Y, N	1=Yes 2=No	Alphanumeric	634	1		yn	m_cld_abr_placenta	INT	m_cld_abr_placenta
M_CLD_PLACENTA_PREVIA	Cld-Placenta Previa	Y, N	1=Yes 2=No	Alphanumeric	635	1		yn	m_cld_placenta_previa	INT	m_cld_placenta_previa
M_CLD_BLEEDING	Cld-Other Excessive Bleeding	Y, N	1=Yes 2=No	Alphanumeric	636	1		yn	m_cld_bleeding	INT	m_cld_bleeding
M_CLD_SEIZURES	Cld-Seizures During Labor	Y, N	1=Yes 2=No	Alphanumeric	637	1		yn	m_cld_seizures	INT	m_cld_seizures
M_CLD_DYSFUNCTIONAL	Cld-Dysfunctional Labor	Y, N	1=Yes 2=No	Alphanumeric	638	1		yn	m_cld_dysfunctional	INT	m_cld_dysfunctional
M_CLD_CEPHALOPELVIC	Cld-Cephalopelvic/Disproportion	Y, N	1=Yes 2=No	Alphanumeric	639	1		yn	m_cld_cephalopelvic	INT	m_cld_cephalopelvic
M_CLD_CORD_PROLAPSE	Cld-Cord Prolapse	Y, N	1=Yes 2=No	Alphanumeric	640	1		yn	m_cld_cord_prolapse	INT	m_cld_cord_prolapse
M_CLD_ANESTHETIC	Cld-Anesthetic Complications	Y, N	1=Yes 2=No	Alphanumeric	641	1		yn	m_cld_anesthetic	INT	m_cld_anesthetic
M_CLD_OTHER	Cld-Other 	Y, N	1=Yes 2=No	Alphanumeric	642	1		yn	m_cld_other	INT	m_cld_other
M_CLD_OTHER_LIT	Cld-Other-Description	Free Text 	Literal	Alphanumeric	643	30			m_cld_other_lit	VARCHAR(30)	m_cld_other_lit
UNKNOWN04					673	1			unknown04	VARCHAR(1)	unknown04
M_MD_FORCEPS_ATTEMPT	Del-Was Delivery with Forceps Attempted and Unsuccessful?	Y, N, U	1=Yes 2=No 9=Unknown	Alphanumeric	674	1		ynu	m_md_forceps_attempt	INT	m_md_forceps_attempt
M_MD_VACUUM_ATTEMPT	Del-Was delivery with Vacuum Attempted and Unsuccessful?	Y, N, U	1=Yes 2=No 9=Unknown	Alphanumeric	675	1		ynu	m_md_vacuum_attempt	INT	m_md_vacuum_attempt
B2_BIRPRESENT_CODE	Presr-Fetal Presentation at Birth	Drop down Menu	1=Cephalic 2=Breech 3=Other 9=Unknown	Numeric	676	1		presentation	b2_birpresent_code	INT	b2_birpresent_code
B2_BIRROUTE_CODE	Del-Final Route and Method of Delivery	Drop down Menu	1=Spontaneous 2=Forceps 3=Vacuum 4=Cesarean 9=Unknown	Numeric	677	1		route	b2_birroute_code	INT	b2_birroute_code
M_MD_CES_LABOR_ATTEMPT	Del-Trial of Labor Attempted	Y, N, U, X	1=Yes 2=No 9=Unknown	Alphanumeric	678	1		ynu	m_md_ces_labor_attempt	VARCHAR(1)	m_md_ces_labor_attempt
UNKNOWN05					679	1			unknown05	VARCHAR(1)	unknown05
M_MM_NONE	Mc-None	Y, N	1=Yes 2=No	Alphanumeric	680	1		yn	m_mm_none	INT	m_mm_none
M_MM_TRANSFUSION	Mc-Maternal Transfusion	Y, N	1=Yes 2=No	Alphanumeric	681	1		yn	m_mm_transfusion	INT	m_mm_transfusion
M_MM_PERINEAL_LACERAT	Mc-Third or Fourth Degree Perineal Laceration	Y, N	1=Yes 2=No	Alphanumeric	682	1		yn	m_mm_perineal_lacerat	INT	m_mm_perineal_lacerat
M_MM_RUPTURED_UTERUS	Mc-Ruptured Uterus	Y, N	1=Yes 2=No	Alphanumeric	683	1		yn	m_mm_ruptured_uterus	INT	m_mm_ruptured_uterus
M_MM_HYSTERECTOMY	Mc-Unplanned Hysterectomy	Y, N	1=Yes 2=No	Alphanumeric	684	1		yn	m_mm_hysterectomy	INT	m_mm_hysterectomy
M_MM_ICU	Mc-Admitted to Intensive Care	Y, N	1=Yes 2=No	Alphanumeric	685	1		yn	m_mm_icu	INT	m_mm_icu
M_MM_OR_PROC	Mc-Unplanned Operation following Delivery	Y, N	1=Yes 2=No	Alphanumeric	686	1		yn	m_mm_or_proc	INT	m_mm_or_proc
M_MM_UNKNOWN	Mc-Unknown	Y, N	1=Yes 2=No	Alphanumeric	687	1		yn	m_mm_unknown	INT	m_mm_unknown
APGAR_5	Apgar 5 Min	00-10, 99	99=Unknown	Numeric	688	2			apgar_5	INT	apgar_5
APGAR_10	Apgar 10 Min	00-10, 88, 99	88=Not applicable, 99=Unknown	Numeric	690	2			apgar_10	INT	apgar_10
BIRTH_WEIGHT_UNIT	Weight Unit	G, P, U	1=Grams 2=Pounds 3=Unknown	Alphanumeric	692	1		weight_unit	birth_weight_unit	VARCHAR(1)	birth_weight_unit
BIRTH_WEIGHT_GRAMS	Birth Weight Grams	0000-9998, 9999	9999=Unknown	Numeric	693	4			birth_weight_grams	INT	birth_weight_grams
BIRTH_WEIGHT_LBS	Birth Weight Pounds	00-20	0	Numeric	697	2			birth_weight_lbs	INT	birth_weight_lbs
BIRTH_WEIGHT_OZ	Birth Weight Ounces	00-15	0	Numeric	699	2			birth_weight_oz	INT	birth_weight_oz
GESTATION_WEEKS	Gestation	00-98, 99 (>17or<47)	0	Numeric	701	2			gestation_weeks	INT	gestation_weeks
PLURALITY	Plurality	01-12, 99	99=Unknown	Numeric	703	2			plurality	INT	plurality
BIRTH_ORDER	Birth Order	01-12, 88, 99	88=Not applicable, 99=Unknown	Numeric	705	2			birth_order	INT	birth_order
B2_BORN_ALIVE	Live Birth Number	01-12, 88, 99	88=Not applicable, 99=Unknown	Numeric	707	2			b2_born_alive	INT	b2_born_alive
B2_MATCH_NUMBER	Plurality Match Number	000001-999999	Linked Birth Number	Numeric	709	6			b2_match_number	VARCHAR(6)	b2_match_number
TRANS_INFANT	Infant Transferred	Y, N, U	1=Yes 2=No 9=Infant Transferred, Status Unknown	Alphanumeric	715	1		ynu	trans_infant	INT	trans_infant
B2_INFANT_LIVING	Infant Living	Y, N, U	1=Yes 2=No 9=Infant Transferred, Status Unknown	Alphanumeric	716	1		ynu	b2_infant_living	INT	b2_infant_living
M_AC_NONE	Ac-None	Y, N	1=Yes 2=No	Alphanumeric	717	1		yn	m_ac_none	INT	m_ac_none
M_AC_VENT_LESS_30	Ac-Assisted Ventilation Immediately Following Delivery	Y, N	1=Yes 2=No	Alphanumeric	718	1		yn	m_ac_vent_less_30	INT	m_ac_vent_less_30
M_AC_VENT_MORE_30	Ac-Assisted Ventilation More than 6hrs. 	Y, N	1=Yes 2=No	Alphanumeric	719	1		yn	m_ac_vent_more_30	INT	m_ac_vent_more_30
M_AC_NICU	Ac-NICU Admission	Y, N	1=Yes 2=No	Alphanumeric	720	1		yn	m_ac_nicu	INT	m_ac_nicu
M_AC_SURFACTANT	AbCN-Surfactant Replacement Therapy	Y, N	1=Yes 2=No	Alphanumeric	721	1		yn	m_ac_surfactant	INT	m_ac_surfactant
M_AC_ANTIBIOTIC_SEPSIS	Ac-Antibiotics for Neonatal Sepsis	Y, N	1=Yes 2=No	Alphanumeric	722	1		yn	m_ac_antibiotic_sepsis	INT	m_ac_antibiotic_sepsis
M_AC_SEIZURES	Ac-Seizures	Y, N	1=Yes 2=No	Alphanumeric	723	1		yn	m_ac_seizures	INT	m_ac_seizures
M_AC_ANEMIA	Ac-Anemia (Hct.<39/Hgb.<13)	Y, N	1=Yes 2=No	Alphanumeric	724	1		yn	m_ac_anemia	INT	m_ac_anemia
M_AC_FAS	Ac-Fetal Alcohol Syndrome	Y, N	1=Yes 2=No	Alphanumeric	725	1		yn	m_ac_fas	INT	m_ac_fas
M_AC_HYALINE	Ac-Hyaline Membrane Disease/RDS	Y, N	1=Yes 2=No	Alphanumeric	726	1		yn	m_ac_hyaline	INT	m_ac_hyaline
M_AC_MECONIUM_AS	Ac-Meconium Aspiration Syndrome	Y, N	1=Yes 2=No	Alphanumeric	727	1		yn	m_ac_meconium_as	INT	m_ac_meconium_as
M_AC_BIRTH_INJURY	Ac-Birth Injury	Y, N	1=Yes 2=No	Alphanumeric	728	1		yn	m_ac_birth_injury	INT	m_ac_birth_injury
M_AC_OTHER	Ac-Other Abnormal Conditions	Y, N	1=Yes 2=No	Alphanumeric	729	1		yn	m_ac_other	INT	m_ac_other
M_AC_OTHER_LIT	Ac-Other Abnormal Conditions-Description	Free Text 	Literal	Alphanumeric	730	30			m_ac_other_lit	VARCHAR(30)	m_ac_other_lit
UNKNOWN06					760	1			unknown06	VARCHAR(1)	unknown06
M_ANOM_NONE	Con-None	Y, N	1=Yes 2=No	Alphanumeric	761	1		yn	m_anom_none	INT	m_anom_none
M_ANOM_ANENCEP	Con-Anencephaly	Y, N	1=Yes 2=No	Alphanumeric	762	1		yn	m_anom_anencep	INT	m_anom_anencep
M_ANOM_SPINA	Con-Meningomyelocele/Spina Bifida	Y, N	1=Yes 2=No	Alphanumeric	763	1		yn	m_anom_spina	INT	m_anom_spina
M_ANOM_MICRO	Con-Microcephalus	Y, N	1=Yes 2=No	Alphanumeric	764	1		yn	m_anom_micro	INT	m_anom_micro
M_ANOM_NERVOUS	Con-Other Central Nervous System Anomalies	Y, N	1=Yes 2=No	Alphanumeric	765	1		yn	m_anom_nervous	INT	m_anom_nervous
M_ANOM_NERVOUS_LIT	Con-Other Central Nervous System Anomalies-Description	Free Text 	Literal	Alphanumeric	766	30			m_anom_nervous_lit	VARCHAR(30)	m_anom_nervous_lit
M_ANOM_HEART	Con-Cyanotic Congenital Heart Disease	Y, N	1=Yes 2=No	Alphanumeric	796	1		yn	m_anom_heart	INT	m_anom_heart
M_ANOM_HEART_MALFORM	Con-Heart Malformations	Y, N	1=Yes 2=No	Alphanumeric	797	1		yn	m_anom_heart_malform	INT	m_anom_heart_malform
M_ANOM_CIRC	Con-Other Circulatory/Respiratory Anomalies	Y, N	1=Yes 2=No	Alphanumeric	798	1		yn	m_anom_circ	INT	m_anom_circ
M_ANOM_CIRC_LIT	Con-Other Circulatory/Respiratory Anomalies-Description	Free Text 	Literal	Alphanumeric	799	30			m_anom_circ_lit	VARCHAR(30)	m_anom_circ_lit
M_ANOM_OMPHAL	Con-Omphalocele	Y, N	1=Yes 2=No	Alphanumeric	829	1		yn	m_anom_omphal	INT	m_anom_omphal
M_ANOM_GASTROSCHISIS	Con-Gastroschisis	Y, N	1=Yes 2=No	Alphanumeric	830	1		yn	m_anom_gastroschisis	INT	m_anom_gastroschisis
M_ANOM_RECTAL	Con-Rectal Atresia/Stenosis	Y, N	1=Yes 2=No	Alphanumeric	831	1		yn	m_anom_rectal	INT	m_anom_rectal
M_ANOM_TRACHEO	Con-Tracheo-Esophageal Fistula/Esophageal Atresia	Y, N	1=Yes 2=No	Alphanumeric	832	1		yn	m_anom_tracheo	INT	m_anom_tracheo
M_ANOM_GASTRO	Con-Other Gastrointestinal Anomalies	Y, N	1=Yes 2=No	Alphanumeric	833	1		yn	m_anom_gastro	INT	m_anom_gastro
M_ANOM_GASTRO_LIT	Con-Other Gastrointestinal Anomalies-Description	Free Text 	Literal	Alphanumeric	834	30			m_anom_gastro_lit	VARCHAR(30)	m_anom_gastro_lit
M_ANOM_LIMB_REDUCT	Con-Limb Reduction Defect	Y, N	1=Yes 2=No	Alphanumeric	864	1		yn	m_anom_limb_reduct	INT	m_anom_limb_reduct
M_ANOM_CLEFT_LIP	Con-Cleft Lip with or without Cleft Palate	Y, N	1=Yes 2=No	Alphanumeric	865	1		yn	m_anom_cleft_lip	INT	m_anom_cleft_lip
M_ANOM_CLEFT_PALATE	Con-Cleft Palate Alone	Y, N	1=Yes 2=No	Alphanumeric	866	1		yn	m_anom_cleft_palate	INT	m_anom_cleft_palate
M_ANOM_POLYDACT	Con-Polydactyly/Syndactyly/Adactyly	Y, N	1=Yes 2=No	Alphanumeric	867	1		yn	m_anom_polydact	INT	m_anom_polydact
M_ANOM_CLUB_FOOT	Con-Club Foot	Y, N	1=Yes 2=No	Alphanumeric	868	1		yn	m_anom_club_foot	INT	m_anom_club_foot
M_ANOM_DIAPH_HERNIA	Con-Diaphragmatic Hernia	Y, N	1=Yes 2=No	Alphanumeric	869	1		yn	m_anom_diaph_hernia	INT	m_anom_diaph_hernia
M_ANOM_MUSCLE	Con-Other Musculoskeletal/integumental Anomalies	Y, N	1=Yes 2=No	Alphanumeric	870	1		yn	m_anom_muscle	INT	m_anom_muscle
M_ANOM_MUSCLE_LIT	Con-Other Musculoskeletal/integumental Anomalies-Description	Free Text 	Literal	Alphanumeric	871	30			m_anom_muscle_lit	VARCHAR(30)	m_anom_muscle_lit
M_ANOM_MALF_GENITALIA	Con-Malformed Genitalia	Y, N	1=Yes 2=No	Alphanumeric	901	1		yn	m_anom_malf_genitalia	INT	m_anom_malf_genitalia
M_ANOM_RENAL	Con-Renal Agenesis	Y, N	1=Yes 2=No	Alphanumeric	902	1		yn	m_anom_renal	INT	m_anom_renal
M_ANOM_HYPOSPADIAS	Con-Hypospadias	Y, N	1=Yes 2=No	Alphanumeric	903	1		yn	m_anom_hypospadias	INT	m_anom_hypospadias
M_ANOM_UROGENITAL	Con-Other Urogenital Anomalies	Y, N	1=Yes 2=No	Alphanumeric	904	1		yn	m_anom_urogenital	INT	m_anom_urogenital
M_ANOM_UROGENITAL_LIT	Con-Other Urogenital Anomalies-Description	Free Text 	Literal	Alphanumeric	905	30			m_anom_urogenital_lit	VARCHAR(30)	m_anom_urogenital_lit
M_ANOM_DOWNS_CODE	Con-Down Syndrome-Karotype	C, P, N, U	1=Pending 2=Confirmed 3=No 9=Unknown	Alphanumeric	935	1		pcnu	m_anom_downs_code	VARCHAR(1)	m_anom_downs_code
M_ANOM_CDIT	Con-Suspected Chromosomal Disorder-Karotype	C, P, N, U	1=Pending 2=Confirmed 3=No 9=Unknown	Alphanumeric	936	1		pcnu	m_anom_cdit	INT	m_anom_cdit
M_ANOM_CHROM_OTHER	Con-Other Chromosomal Anomalies	Y, N	1=Yes 2=No	Alphanumeric	937	1		yn	m_anom_chrom_other	INT	m_anom_chrom_other
M_ANOM_CHROM_LIT	Con-Other Chromosomal Anomalies-Description	Free Text 	Literal	Alphanumeric	938	30			m_anom_chrom_lit	VARCHAR(30)	m_anom_chrom_lit
M_ANOM_OTHER	Con_Other Anomalies Not Listed	Y, N	1=Yes 2=No	Alphanumeric	968	1		yn	m_anom_other	INT	m_anom_other
M_ANOM_OTHER_LIT	Con_Other Anomalies Not Listed-Description	Free Text 	Literal	Alphanumeric	969	30			m_anom_other_lit	VARCHAR(30)	m_anom_other_lit
CERTIFIERTITLEID	Certifier	Drop down Menu	1=Physician 2=Doctor of Osteopathy 3=Cert.Nurse Midwife,Lic.Cert.Nurse Midwife,Lic.Nurse Midwife,Cert. Professional Midwife, Direct Entry Midwife 4=Other Midwife 5=EMT, Nurse(RN, LPN, NC), Nurse Practitioner, Physician's Assistant, Medical Records Technician, Other 9=Unknown	Numeric	999	1		attendant	certifiertitleid	INT	certifiertitleid
CERTIFIER_DATE_COMP	Certifier Date	mmddyyyy	mmddyyyy	Numeric	1000	8			certifier_date_comp	VARCHAR(8)	certifier_date_comp
REGISTRAR_REGIS_DATE	Registrar Date	mmddyyyy	mmddyyyy	Numeric	1008	8			registrar_regis_date	VARCHAR(8)	registrar_regis_date
B2_MOTHER_WIC_YESNO	Did you receive WIC?	Y, N, U	1=Yes 2=No 9=Unknown	Alphanumeric	1016	1		ynu	b2_mother_wic_yesno	INT	b2_mother_wic_yesno
B2_SOURCE_PAY_CODE	Primary Source of Payment	Drop down Menu	1=Medicaid 2=Private Insurance 3=Self-Pay 4=Indian Health Services 5=CHAMPUS/TRICARE 6=Other Government (Fed, State, Local) 8=Other 9=Unknown	Alphanumeric	1017	1		source_pay	b2_source_pay_code	INT	b2_source_pay_code
M_BREASTFEEDING	Infant being Breastfed	Y, N, U	1=Yes 2=No 9=Unknown	Alphanumeric	1018	1		ynu	m_breastfeeding	INT	m_breastfeeding
SSN_REQUESTED	Requested SSN?	Y, N	1=Yes 2=No	Alphanumeric	1019	1		yn	ssn_requested	INT	ssn_requested
HOS_NUMBER	Infant Medical Record Number	0	0	Alphanumeric	1020	20			hos_number	VARCHAR(20)	hos_number
M_MOTHER_MED_REC_NUM	Mother Medical Record Number	0	0	Alphanumeric	1040	20			m_mother_med_rec_num	VARCHAR(20)	m_mother_med_rec_num
B2_HOSP_PATERNITY_COMPLETE	Hospital Paternity Action Complete?	X, Y	1=Yes 2=Not applicable	Alphanumeric	1060	1		yna	b2_hosp_paternity_complete	VARCHAR(1)	b2_hosp_paternity_complete
B2_MOTHER_ETHNIC_YESNO	Mother's Ethnicity Hispanic Origin?	N,H,U	1=Yes 2=No 9=Unknown	Alphanumeric	1061	1		ynu	b2_mother_ethnic_yesno	VARCHAR(1)	b2_mother_ethnic_yesno
B2_MOTHER_MEXICAN	Mexican	N,H,U	1=Yes 2=No 9=Unknown	Alphanumeric	1062	1		ynu	b2_mother_mexican	VARCHAR(1)	b2_mother_mexican
B2_MOTHER_PR	Puerto Rican	N,H,U	1=Yes 2=No 9=Unknown	Alphanumeric	1063	1		ynu	b2_mother_pr	VARCHAR(1)	b2_mother_pr
B2_MOTHER_CUBAN	Cuban	N,H,U	1=Yes 2=No 9=Unknown	Alphanumeric	1064	1		ynu	b2_mother_cuban	VARCHAR(1)	b2_mother_cuban
B2_MOTHER_ETHNIC_OTHER	Other	N,H,U	1=Yes 2=No 9=Unknown	Alphanumeric	1065	1		ynu	b2_mother_ethnic_other	VARCHAR(1)	b2_mother_ethnic_other
B2_MOTHER_ETHNIC	Other Description	Free Text 	Literal	Alphanumeric	1066	20			b2_mother_ethnic	VARCHAR(20)	b2_mother_ethnic
B2_MOTHER_RACE_WHITE	Mother's Race-White	Check Box	1=Yes 2=No 9=Unknown	Alphanumeric	1086	1		ynu	b2_mother_race_white	INT	b2_mother_race_white
B2_MOTHER_RACE_BLACK	Mother's Race-Black or African American	Check Box	1=Yes 2=No 9=Unknown	Alphanumeric	1087	1		ynu	b2_mother_race_black	INT	b2_mother_race_black
B2_MOTHER_RACE_AM_INDIAN	Mother's Race-Amer. Indian or Alaska Native	Check Box	1=Yes 2=No 9=Unknown	Alphanumeric	1088	1		ynu	b2_mother_race_am_indian	INT	b2_mother_race_am_indian
B2_MOTHER_RACE_AM_IND_LIT	Mother's Race-Native American Indian or Alaska Native Desc.1	Free Text 	Literal	Alphanumeric	1089	30			b2_mother_race_am_ind_lit	VARCHAR(30)	b2_mother_race_am_ind_lit
B2_MOTHER_RACE_ASIAN_IND	Mother's Race-Asian Indian	Check Box	1=Yes 2=No 9=Unknown	Alphanumeric	1119	1		ynu	b2_mother_race_asian_ind	INT	b2_mother_race_asian_ind
B2_MOTHER_RACE_ASIAN_OTH	Mother's Race-Other Asian	Check Box	1=Yes 2=No 9=Unknown	Alphanumeric	1120	1		ynu	b2_mother_race_asian_oth	INT	b2_mother_race_asian_oth
B2_MOTHER_RACE_ASIAN_LIT	Mother's Race-Other Asian Desc.1	Free Text 	Literal	Alphanumeric	1121	30			b2_mother_race_asian_lit	VARCHAR(30)	b2_mother_race_asian_lit
B2_MOTHER_RACE_CHINESE	Mother's Race-Chinese	Check Box	1=Yes 2=No 9=Unknown	Alphanumeric	1151	1		ynu	b2_mother_race_chinese	INT	b2_mother_race_chinese
B2_MOTHER_RACE_FILIPINO	Mother's Race-Filipino	Check Box	1=Yes 2=No 9=Unknown	Alphanumeric	1152	1		ynu	b2_mother_race_filipino	INT	b2_mother_race_filipino
B2_MOTHER_RACE_JAPANESE	Mother's Race-Japanese	Check Box	1=Yes 2=No 9=Unknown	Alphanumeric	1153	1		ynu	b2_mother_race_japanese	INT	b2_mother_race_japanese
B2_MOTHER_RACE_KOREAN	Mother's Race-Korean	Check Box	1=Yes 2=No 9=Unknown	Alphanumeric	1154	1		ynu	b2_mother_race_korean	INT	b2_mother_race_korean
B2_MOTHER_RACE_VIETNAMESE	Mother's Race-Vietnamese	Check Box	1=Yes 2=No 9=Unknown	Alphanumeric	1155	1		ynu	b2_mother_race_vietnamese	INT	b2_mother_race_vietnamese
B2_MOTHER_RACE_HAWAIIAN	Mother's Race-Native Hawaiian	Check Box	1=Yes 2=No 9=Unknown	Alphanumeric	1156	1		ynu	b2_mother_race_hawaiian	INT	b2_mother_race_hawaiian
B2_MOTHER_RACE_GUAM	Mother's Race-Guamanian or Chamorro	Check Box	1=Yes 2=No 9=Unknown	Alphanumeric	1157	1		ynu	b2_mother_race_guam	INT	b2_mother_race_guam
B2_MOTHER_RACE_SAMOAN	Mother Race-Samoan	Check Box	1=Yes 2=No 9=Unknown	Alphanumeric	1158	1		ynu	b2_mother_race_samoan	INT	b2_mother_race_samoan
B2_MOTHER_RACE_PAC_OTHER	Mother's Race-Other Pacific Islander	Check Box	1=Yes 2=No 9=Unknown	Alphanumeric	1159	1		ynu	b2_mother_race_pac_other	INT	b2_mother_race_pac_other
B2_MOTHER_RACE_PAC_LIT	Mother's Race-Other Pacific Islander Desc.1	Free Text 	Literal	Alphanumeric	1160	30			b2_mother_race_pac_lit	VARCHAR(30)	b2_mother_race_pac_lit
B2_MOTHER_RACE_OTHER	Mother's Race-Other	Check Box	1=Yes 2=No 9=Unknown	Alphanumeric	1190	1		ynu	b2_mother_race_other	INT	b2_mother_race_other
B2_MOTHER_RACE_OTHER_LIT	Mother's Race-Other Desc.1	Free Text 	Literal	Alphanumeric	1191	30			b2_mother_race_other_lit	VARCHAR(30)	b2_mother_race_other_lit
B2_MOTHER_RACE_UNKNOWN	Mother's Race-Unknown	Check Box	1=Yes 2=No 9=Unknown	Alphanumeric	1221	1		ynu	b2_mother_race_unknown	INT	b2_mother_race_unknown
B2_MOTHER_RACE_REFUSED	Mother's Race-Refused	Check Box	1=Yes 2=No 9=Unknown	Alphanumeric	1222	1		ynu	b2_mother_race_refused	INT	b2_mother_race_refused
B2_MRACE1E	Mother's Race Tabulation Variable	0	Import from NCHS	Numeric	1223	3		cdc_race_code	b2_mrace1e	VARCHAR(3)	b2_mrace1e
B2_MRACE2E	Mother's Race Tabulation Variable	0	Import from NCHS	Numeric	1226	3		cdc_race_code	b2_mrace2e	VARCHAR(3)	b2_mrace2e
B2_MRACE3E	Mother's Race Tabulation Variable	0	Import from NCHS	Numeric	1229	3		cdc_race_code	b2_mrace3e	VARCHAR(3)	b2_mrace3e
B2_MRACE4E	Mother's Race Tabulation Variable	0	Import from NCHS	Numeric	1232	3		cdc_race_code	b2_mrace4e	VARCHAR(3)	b2_mrace4e
B2_MRACE5E	Mother's Race Tabulation Variable	0	Import from NCHS	Numeric	1235	3		cdc_race_code	b2_mrace5e	VARCHAR(3)	b2_mrace5e
B2_MRACE6E	Mother's Race Tabulation Variable	0	Import from NCHS	Numeric	1238	3		cdc_race_code	b2_mrace6e	VARCHAR(3)	b2_mrace6e
B2_MRACE7E	Mother's Race Tabulation Variable	0	Import from NCHS	Numeric	1241	3		cdc_race_code	b2_mrace7e	VARCHAR(3)	b2_mrace7e
B2_MRACE8E	Mother's Race Tabulation Variable	0	Import from NCHS	Numeric	1244	3		cdc_race_code	b2_mrace8e	VARCHAR(3)	b2_mrace8e
B2_MRACE16E	Mother's Race Tabulation Variable	0	Import from NCHS	Numeric	1247	3		cdc_race_code	b2_mrace16e	VARCHAR(3)	b2_mrace16e
UNKNOWN07					1250	3			unknown07	VARCHAR(3)	unknown07
B2_MRACE18E	Mother's Race Tabulation Variable	0	Import from NCHS	Numeric	1253	3		cdc_race_code	b2_mrace18e	VARCHAR(3)	b2_mrace18e
UNKNOWN08					1256	3			unknown08	VARCHAR(3)	unknown08
B2_MRACE20E	Mother's Race Tabulation Variable	0	Import from NCHS	Numeric	1259	3		cdc_race_code	b2_mrace20e	VARCHAR(3)	b2_mrace20e
UNKNOWN09					1262	3			unknown09	VARCHAR(3)	unknown09
B2_MRACE22E	Mother's Race Tabulation Variable	0	Import from NCHS	Numeric	1265	3		cdc_race_code	b2_mrace22e	VARCHAR(3)	b2_mrace22e
UNKNOWN10					1268	3			unknown10	VARCHAR(3)	unknown10
B2_NCHS_MO_ETHNIC_CD	Mother's Hispanic Code for Literal		Ethnic NCHS	Numeric	1271	3		hisp_nchs	b2_nchs_mo_ethnic_cd	VARCHAR(3)	b2_nchs_mo_ethnic_cd
B2_NCHS_MO_ETHNIC_LIT_CD	Mother's Edited Hispanic Origin Code		Ethnic NCHS	Numeric	1274	3		hisp_nchs	b2_nchs_mo_ethnic_lit_cd	VARCHAR(3)	b2_nchs_mo_ethnic_lit_cd
B2_MO_BRIDGED_RACE	Mother's Bridged Race			Numeric	1277	2		bridge_race	b2_mo_bridged_race	INT	b2_mo_bridged_race
B2_FATHER_ETHNIC_YESNO	Father's Ethnicity Hispanic Origin? 	N,H,U	1=Yes 2=No U=Unknown	Alphanumeric	1279	1		ynu	b2_father_ethnic_yesno	VARCHAR(1)	b2_father_ethnic_yesno
B2_FATHER_MEXICAN	Mexican	N,H,U	1=Yes 2=No 9=Unknown	Alphanumeric	1280	1		ynu	b2_father_mexican	VARCHAR(1)	b2_father_mexican
B2_FATHER_PR	Puerto Rican	N,H,U	1=Yes 2=No 9=Unknown	Alphanumeric	1281	1		ynu	b2_father_pr	VARCHAR(1)	b2_father_pr
B2_FATHER_CUBAN	Cuban	N,H,U	1=Yes 2=No 9=Unknown	Alphanumeric	1282	1		ynu	b2_father_cuban	VARCHAR(1)	b2_father_cuban
B2_FATHER_ETHNIC_OTHER	Other	N,H,U	1=Yes 2=No 9=Unknown	Alphanumeric	1283	1		ynu	b2_father_ethnic_other	VARCHAR(1)	b2_father_ethnic_other
B2_FATHER_ETHNIC	Other Description	Free Text 	Literal	Alphanumeric	1284	20			b2_father_ethnic	VARCHAR(20)	b2_father_ethnic
B2_FATHER_RACE_WHITE	Father's Race-White	Check Box	1=Yes 2=No 9=Unknown	Alphanumeric	1304	1		ynu	b2_father_race_white	INT	b2_father_race_white
B2_FATHER_RACE_BLACK	Father Race-Black or African American	Check Box	1=Yes 2=No 9=Unknown	Alphanumeric	1305	1		ynu	b2_father_race_black	INT	b2_father_race_black
B2_FATHER_RACE_AM_INDIAN	Father's Race-Amer. Indian or Alaska Native	Check Box	1=Yes 2=No 9=Unknown	Alphanumeric	1306	1		ynu	b2_father_race_am_indian	INT	b2_father_race_am_indian
B2_FATHER_RACE_AM_IND_LIT	Father's Race-American Indian or Alaska Native Desc.1	Free Text 	Literal	Alphanumeric	1307	30			b2_father_race_am_ind_lit	VARCHAR(30)	b2_father_race_am_ind_lit
B2_FATHER_RACE_ASIAN_IND	Father's Race-Asian Indian	Check Box	1=Yes 2=No 9=Unknown	Alphanumeric	1337	1		ynu	b2_father_race_asian_ind	INT	b2_father_race_asian_ind
B2_FATHER_RACE_ASIAN_OTH	Father's Race-Other Asian	Check Box	1=Yes 2=No 9=Unknown	Alphanumeric	1338	1		ynu	b2_father_race_asian_oth	INT	b2_father_race_asian_oth
B2_FATHER_RACE_ASIAN_LIT	Father's Race-Other Asian Desc.1	Free Text 	Literal	Alphanumeric	1339	30			b2_father_race_asian_lit	VARCHAR(30)	b2_father_race_asian_lit
B2_FATHER_RACE_CHINESE	Father's Race-Chinese	Check Box	1=Yes 2=No 9=Unknown	Alphanumeric	1369	1		ynu	b2_father_race_chinese	INT	b2_father_race_chinese
B2_FATHER_RACE_FILIPINO	Father's Race-Filipino	Check Box	1=Yes 2=No 9=Unknown	Alphanumeric	1370	1		ynu	b2_father_race_filipino	INT	b2_father_race_filipino
B2_FATHER_RACE_JAPANESE	Father's Race-Japanese	Check Box	1=Yes 2=No 9=Unknown	Alphanumeric	1371	1		ynu	b2_father_race_japanese	INT	b2_father_race_japanese
B2_FATHER_RACE_KOREAN	Father's Race-Korean	Check Box	1=Yes 2=No 9=Unknown	Alphanumeric	1372	1		ynu	b2_father_race_korean	INT	b2_father_race_korean
B2_FATHER_RACE_VIETNAMESE	Father's Race-Vietnamese	Check Box	1=Yes 2=No 9=Unknown	Alphanumeric	1373	1		ynu	b2_father_race_vietnamese	INT	b2_father_race_vietnamese
B2_FATHER_RACE_HAWAIIAN	Father's Race-Native Hawaiian	Check Box	1=Yes 2=No 9=Unknown	Alphanumeric	1374	1		ynu	b2_father_race_hawaiian	INT	b2_father_race_hawaiian
B2_FATHER_RACE_GUAM	Father's Race-Guamanian or Chamorro	Check Box	1=Yes 2=No 9=Unknown	Alphanumeric	1375	1		ynu	b2_father_race_guam	INT	b2_father_race_guam
B2_FATHER_RACE_SAMOAN	Father's Race-Samoan	Check Box	1=Yes 2=No 9=Unknown	Alphanumeric	1376	1		ynu	b2_father_race_samoan	INT	b2_father_race_samoan
B2_FATHER_RACE_PAC	Father's Race-Other Pacific Islander	Check Box	1=Yes 2=No 9=Unknown	Alphanumeric	1377	1		ynu	b2_father_race_pac	INT	b2_father_race_pac
B2_FATHER_RACE_PAC_LIT	Father's Race-Other Pacific Islander Desc.1	Free Text 	Literal	Alphanumeric	1378	30			b2_father_race_pac_lit	VARCHAR(30)	b2_father_race_pac_lit
B2_FATHER_RACE_OTHER	Father's Race-Other	Check Box	1=Yes 2=No 9=Unknown	Alphanumeric	1408	1		ynu	b2_father_race_other	INT	b2_father_race_other
B2_FATHER_RACE_OTHER_LIT	Father's Race-Other Desc.1	Free Text 	Literal	Alphanumeric	1409	30			b2_father_race_other_lit	VARCHAR(30)	b2_father_race_other_lit
B2_FATHER_RACE_UNKNOWN	Father's Race-Unknown	Check Box	1=Yes 2=No 9=Unknown	Alphanumeric	1439	1		ynu	b2_father_race_unknown	INT	b2_father_race_unknown
B2_FATHER_RACE_REFUSED	Father's Race-Refused	Check Box	1=Yes 2=No 9=Unknown	Alphanumeric	1440	1		ynu	b2_father_race_refused	INT	b2_father_race_refused
B2_FRACE1E	Father's Race Tabulation Variable	0	Import from NCHS	Numeric	1441	3		cdc_race_code	b2_frace1e	VARCHAR(3)	b2_frace1e
B2_FRACE2E	Father's Race Tabulation Variable	0	Import from NCHS	Numeric	1444	3		cdc_race_code	b2_frace2e	VARCHAR(3)	b2_frace2e
B2_FRACE3E	Father's Race Tabulation Variable	0	Import from NCHS	Numeric	1447	3		cdc_race_code	b2_frace3e	VARCHAR(3)	b2_frace3e
B2_FRACE4E	Father's Race Tabulation Variable	0	Import from NCHS	Numeric	1450	3		cdc_race_code	b2_frace4e	VARCHAR(3)	b2_frace4e
B2_FRACE5E	Father's Race Tabulation Variable	0	Import from NCHS	Numeric	1453	3		cdc_race_code	b2_frace5e	VARCHAR(3)	b2_frace5e
B2_FRACE6E	Father's Race Tabulation Variable	0	Import from NCHS	Numeric	1456	3		cdc_race_code	b2_frace6e	VARCHAR(3)	b2_frace6e
B2_FRACE7E	Father's Race Tabulation Variable	0	Import from NCHS	Numeric	1459	3		cdc_race_code	b2_frace7e	VARCHAR(3)	b2_frace7e
B2_FRACE8E	Father's Race Tabulation Variable	0	Import from NCHS	Numeric	1462	3		cdc_race_code	b2_frace8e	VARCHAR(3)	b2_frace8e
B2_FRACE16E	Father's Race Tabulation Variable	0	Import from NCHS	Numeric	1465	3		cdc_race_code	b2_frace16e	VARCHAR(3)	b2_frace16e
UNKNOWN11					1468	3			unknown11	VARCHAR(3)	unknown11
B2_FRACE18E	Father's Race Tabulation Variable	0	Import from NCHS	Numeric	1471	3		cdc_race_code	b2_frace18e	VARCHAR(3)	b2_frace18e
UNKNOWN12					1474	3			unknown12	VARCHAR(3)	unknown12
B2_FRACE20E	Father's Race Tabulation Variable	0	Import from NCHS	Numeric	1477	3		cdc_race_code	b2_frace20e	VARCHAR(3)	b2_frace20e
UNKNOWN13					1480	3			unknown13	VARCHAR(3)	unknown13
B2_FRACE22E	Father's Race Tabulation Variable	0	Import from NCHS	Numeric	1483	3		cdc_race_code	b2_frace22e	VARCHAR(3)	b2_frace22e
UNKNOWN14					1486	3			unknown14	VARCHAR(3)	unknown14
B2_NCHS_FA_ETHNIC_CD	Father's Hispanic Code for Literal		Ethnic NCHS	Numeric	1489	3		hisp_nchs	b2_nchs_fa_ethnic_cd	VARCHAR(3)	b2_nchs_fa_ethnic_cd
B2_NCHS_FA_ETHNIC_LIT_CD	Father's Edited Hispanic Origin Code		Ethnic NCHS	Numeric	1492	3		hisp_nchs	b2_nchs_fa_ethnic_lit_cd	VARCHAR(3)	b2_nchs_fa_ethnic_lit_cd
B2_FA_BRIDGED_RACE	Father's Bridged Race			Numeric	1495	2		bridge_race	b2_fa_bridged_race	INT	b2_fa_bridged_race
EVENT_YEAR		yyyy	yyyy	Date	1497	4			event_year	INT	event_year
ISACTIVE			T=Yes	Numeric	1501	1			isactive	VARCHAR(1)	isactive
UNKNOWN15					1502	11			unknown15	VARCHAR(15)	unknown15
MOTHER_BIRTH_STATE	Mother Birth State			Alphanumeric	1513	2			mother_birth_state	VARCHAR(2)	mother_birth_state
MOTHER_BIRTH_COUNTRY_FIPS	Mother Birth Country			Alphanumeric	1515	2			mother_birth_country_fips	VARCHAR(2)	mother_birth_country_fips
UNKNOWN16					1517	1			unknown16	VARCHAR(1)	unknown16
MOTHER_RES_CITY_FIPS	Mother Residential City FIPS			Alphanumeric	1518	5			mother_res_city_fips	VARCHAR(5)	mother_res_city_fips
UNKNOWN17					1523	1			unknown17	VARCHAR(1)	unknown17
MOTHER_RES_CNTY_FIPS	Mother Residential County FIPS			Alphanumeric	1524	3			mother_res_cnty_fips	VARCHAR(3)	mother_res_cnty_fips
UNKNOWN18					1527	1			unknown18	VARCHAR(1)	unknown18
MOTHER_RES_STATE	Mother Residential State			Alphanumeric	1528	2			mother_res_state	VARCHAR(2)	mother_res_state
UNKNOWN19					1530	1			unknown19	VARCHAR(1)	unknown19
MOTHER_RES_COUNTRY_FIPS	Mother Residential Country			Alphanumeric	1531	2			mother_res_country_fips	VARCHAR(2)	mother_res_country_fips
UNKNOWN20					1533	4			unknown20	VARCHAR(4)	unknown20
SSN_CHILD	SSN of Child			Alphanumeric	1537	9			ssn_child	VARCHAR(9)	ssn_child
UNKNOWN21					1546	12			unknown21	VARCHAR(12)	unknown21
DEATH_MATCHED				Alphanumeric	1558	1			death_matched	VARCHAR(1)	death_matched
DEATH_STATE_FILE_NUMBER	Death State File Number			datetime	1559	10			death_state_file_number	VARCHAR(10)	death_state_file_number
DEATH_DATE	Date of Death				1569	8			death_date	VARCHAR(8)	death_date
FBIR_STATE_FIPS_ALPHA_CD				Alphanumeric	1577	2			fbir_state_fips_alpha_cd	VARCHAR(2)	fbir_state_fips_alpha_cd
FATHER_BIRTH_COUNTRY_FIPS				Alphanumeric	1579	2			father_birth_country_fips	VARCHAR(2)	father_birth_country_fips
REG_TYPE_CODE					1581	20			reg_type_code	VARCHAR(20)	reg_type_code